0,{,,3543,,,,,
4,,2KHAJB2KH,,,,,,
15,,A{,,,,,,
19,{,{,,,,,,
22,,B{wB,,,,,,
,{,,,,,,,
26,{6,bABzXeChzBAABAB,,,,,,
35,{1,31KOKBXgB,,,,,,
46,{4,l]B,,,,,,
54,{5,\H,,,,,,
55,{1,KAXy[XXX^btsB31K,,,,,,
72,~,A~ABybg{gB,,,,,,
84,,A{B,,,,,,
88,{,{,,,,,,
90,,B,,,,,,
93,{,B,,,,,,
106,{5,B,,,,,,
113,{9,[,,,,,,
120,{5,A,,,,,,
121,{6,l,,,,,,
123,{7,u,,,,,,
125,{4,{L,,,,,,
128,{6,{L,,,,,,
130,{4,{LAsAQosI[rQBdB,,,,,,
146,{5,d,,,,,,
148,{4,fBABwRv^[BwRv^[BBHAwB,,,,,,
164,{6,A~}a@mFB,,,,,,
172,{4,,,,,,,
174,{6,,,,,,,
176,{4,Xa@,,,,,,
181,{8,db,,,,,,
,{6,mF,,,,,,
185,{8,dbmF,,,,,,
187,x,x~A,,,,,,
192,~,~,,,,,,
,{5,s,,,,,,
195,{6,Ns,,,,,,
196,x,5AB,,,,,,
198,{6,N,,,,,,
199,~,,,,,,,
200,{7,sNA,,,,,,
202,{5,s,,,,,,
207,{6,sA3l,,,,,,
217,{4,,,,,,,
218,{5,^S,,,,,,
222,{6,AmFsA3lOKB,,,,,,
228,{1,mFBz145_7OKA3IbP[A2sHWmA\B,,,,,,
245,x,x~A,,,,,,
248,{1,WmvAAB,,,,,,
250,~,~,,,,,,
252,x,QL^pAc10AA,,,,,,
258,{2,WmRAB,,,,,,
261,~,100cB,,,,,,
263,{4,,,,,,,
266,{3,{wKv,,,,,,
271,{6,a@,,,,,,
276,{2,WmB,,,,,,
278,{1,,,,,,,
279,~,{s,,,,,,
282,{,L^p{aB,,,,,,
,{2,,,,,,,
284,{1,3fB,,,,,,
290,x,B,,,,,,
293,{3,uA,,,,,,
297,{8,,,,,,,
299,{2,loB,,,,,,
303,{1,[EEEB,,,,,,
308,{2,,,,,,,
310,{4,,,,,,,
311,{2,4,,,,,,
313,{1,4_B,,,,,,
316,{2,\,,,,,,
318,{7,elALpK,,,,,,
325,{4,fBbNXz[_H,,,,,,
327,{2,fBbNXOK,,,,,,
333,{4,fBbNXz[Xg,,,,,,
338,R,fBbNX,,,,,,
341,{4,fBbNXz[,,,,,,
343,{2,,,,,,,
346,{4,HAWmelfBbNXz[\`AAR,,,,,,
357,{9,ARH,,,,,,
363,{,{AB,,,,,,
368,{2,s,,,,,,
370,{,2KHAWmfBbNXz[\,,,,,,
384,{10,sV~[V,,,,,,
389,x,AB,,,,,,
390,{,AB,,,,,,
391,{4,A,,,,,,
395,R,Rg[xfBbNXz[gp~,,,,,,
402,{2,mFc,,,,,,
407,{6,H,,,,,,
408,{2,WmA2,,,,,,
414,{,{AAA,,,,,,
427,,AB,,,,,,
431,{,,,,,,,
434,{5,WmB,,,,,,
437,{4,WmllB,,,,,,
,{5,HKv,,,,,,
,{2,@,,,,,,
442,{,A{AWmAAKv,,,,,,
446,{2,mFAdbB,,,,,,
451,{2,RW}A@mFA,,,,,,
462,,Ax,,,,,,
463,{9,dbs,,,,,,
466,{8,AmFABA\B,,,,,,
468,{,2KAA21KWmKv,,,,,,
480,{7,,,,,,,
483,R,磴wz[fBOXBHKvZoB,,,,,,
493,{5,B,,,,,,
498,{,{A21KWmAKv,,,,,,
515,x,x{A,,,,,,
518,{,{A,,,,,,
521,x,Wm10lA,,,,,,
530,{,xB,,,,,,
533,x,Wm10lx{A,,,,,,
552,{,,,,,,,
557,x,B,,,,,,
571,,{A21KHB,,,,,,
577,{6,,,,,,,
580,{,B,,,,,,
583,{6,B,,,,,,
588,{6,B,,,,,,
599,{4,fASmFB,,,,,,
610,~,A~AolA~}vBvB,,,,,,
627,{6,vBoB,,,,,,
634,,A21KBA21KB,,,,,,
641,{7,~}vB,,,,,,
,{,~A{B~}vB,,,,,,
644,{8,[,,,,,,
645,{1,[,,,,,,
647,R,磴wz[fBOXB,,,,,,
648,{1,ALB,,,,,,
652,U,UB~o~AtQL^J[hB,,,,,,
659,{10,_v,,,,,,
662,~,~o~AB,,,,,,
667,U,AQJ[hAB40tB,,,,,,
,,21KAHBJB21KAHB,,,,,,
672,~,BB,,,,,,
1624,{,xA{BB,,,,,,
1629,x,AB,,,,,,
1634,{,kbB,,,,,,
1639,x,kbBWmAlB,,,,,,
1650,{4,,,,,,,
1658,{6,A,,,,,,
1660,{13,,,,,,,
1661,{6,,,,,,,
1663,{8,ABB,,,,,,
1666,{,xAmFAWmSmFAlvB,,,,,,
1677,x,x,,,,,,
1681,{,AWmSmFAlvB,,,,,,
1692,{4,107,,,,,,
1697,{4,3A2K3K,,,,,,
1700,{6,wAAAAJZi,,,,,,
1701,{4,168A168EEE,,,,,,
1707,{4,,,,,,,
1709,{6,B,,,,,,
1714,{4,AA,,,,,,
,{4,fBbNXl,,,,,,
1715,{8,fBbNXg,,,,,,
1717,{2,ABA,,,,,,
1721,x,x{AA,,,,,,
1723,{4,,,,,,,
1725,{,xA{A,,,,,,
1726,~1,LaKvALa,,,,,,
1730,{10,,,,,,,
-3543,x,AmA,,,,,,
1732,{4,,,,,,,
1736,{4,,,,,,,
1738,{4,L~,,,,,,
1740,{2,,,,,,,
1743,{,B,,,,,,
1744,{7,,,,,,,
1745,{3,B,,,,,,
1745,{2,1,,,,,,
1747,{7,,,,,,,
1748,{14,wmFpBN\B,,,,,,
1749,{7,~lc,,,,,,
1754,{3,~EEE,,,,,,
1755,{7,Al,,,,,,
1758,{15,fBbNXAA,,,,,,
1759,{7,,,,,,,
1761,{7,~l,,,,,,
1764,{2,Lz_,,,,,,
1769,{6,,,,,,,
1773,{17,tB,,,,,,
1774,{2,HH,,,,,,
1775,{6,{A,,,,,,
1777,{17,B,,,,,,
1787,{2,GT,,,,,,
,{19,,,,,,,
1793,{4,A,,,,,,
,{6,A,,,,,,
1799,{2,AOB,,,,,,
1804,{8,,,,,,,
1807,{6,,,,,,,
,{2,,,,,,,
1816,x,x{B,,,,,,
1819,{,xA{,,,,,,
1824,x,mA,,,,,,
1830,{,B,,,,,,
,{2,L,,,,,,
,{2,`L,,,,,,
,{2,,,,,,,
1842,{2,lA`LB,,,,,,
1845,{6,,,,,,,
1846,{2,\B,,,,,,
1850,{6,lEEE,,,,,,
1852,{16,lc,,,,,,
1853,{6,jllql,,,,,,
1855,{16,lcAtc,,,,,,
1859,{2,,,,,,,
1861,{6,vAW,,,,,,23:00
1865,~2,ABvA~W,,,,,,
1874,{16,,,,,,,
1881,x,xA{B,,,,,,
,{2,,,,,,,
,{2,AAsCs,,,,,,
,{2,AC,,,,,,
1903,x,323.324J,,,,,,
1911,~3,A~,,,,,,
1912,{,mFA,,,,,,
,{8,{,,,,,,
,{2,Od,,,,,,
1942,~4,,,,,,,
1947,,Q{B,,,,,,
1953,{,Q{B,,,,,,
1958,,31KAfBbNXz[AOGgXtAB,,,,,,
1972,{,323.324mFB,,,,,,
1979,x,B,,,,,,